time,temp,salt
2010-01-01 25:00:00,   25.339091,    0.535086
2010-01-02 25:00:00,   26.608824,    0.536606
2010-01-03 25:00:00,   28.072134,    0.538325
2010-01-04 25:00:00,   28.184547,    0.540382
2010-01-05 25:00:00,   29.029433,    0.539725
2010-01-06 25:00:00,   30.253288,    0.542845
2010-01-07 25:00:00,   29.822516,    0.543873
2010-01-08 25:00:00,   29.973613,    0.544575
2010-01-09 25:00:00,   29.967080,    0.546205
2010-01-10 25:00:00,   28.889612,    0.547684
2010-01-11 25:00:00,   28.453204,    0.548579
2010-01-12 25:00:00,   28.530783,    0.549521
2010-01-13 25:00:00,   29.356781,    0.551201
2010-01-14 25:00:00,   29.441540,    0.552267
2010-01-15 25:00:00,   28.973943,    0.554086
2010-01-16 25:00:00,   29.468863,    0.553624
2010-01-17 25:00:00,   30.052211,    0.555187
2010-01-18 25:00:00,   31.404357,    0.558552
2010-01-19 25:00:00,   31.785456,    0.558238
2010-01-20 25:00:00,   31.218559,    0.561252
2010-01-21 25:00:00,   30.229909,    0.561846
2010-01-22 25:00:00,   30.459105,    0.562724
2010-01-23 25:00:00,   30.593217,    0.563958
2010-01-24 25:00:00,   31.159087,    0.565018
2010-01-25 25:00:00,   30.879452,    0.565994
2010-01-26 25:00:00,   31.074282,    0.567488
2010-01-27 25:00:00,   30.986170,    0.568470
2010-01-28 25:00:00,   31.181662,    0.570010
2010-01-29 25:00:00,   31.064351,    0.570975
2010-01-30 25:00:00,   29.852322,    0.572706
2010-01-31 25:00:00,   29.571969,    0.573385
2010-02-01 25:00:00,   29.535317,    0.574183
2010-02-02 25:00:00,   28.276265,    0.574266
2010-02-03 25:00:00,   27.725656,    0.574453
2010-02-04 25:00:00,   27.310531,    0.575183
2010-02-05 25:00:00,   27.521270,    0.575733
2010-02-06 25:00:00,   26.957249,    0.576208
2010-02-07 25:00:00,   28.183192,    0.576968
2010-02-08 25:00:00,   28.091851,    0.577604
2010-02-09 25:00:00,   29.201107,    0.577530
2010-02-10 25:00:00,   28.390435,    0.579322
2010-02-11 25:00:00,   29.165504,    0.580515
2010-02-12 25:00:00,   29.119668,    0.581735
2010-02-13 25:00:00,   29.738911,    0.582507
2010-02-14 25:00:00,   29.996230,    0.583713
2010-02-15 25:00:00,   29.508165,    0.584416
2010-02-16 25:00:00,   29.083959,    0.585294
2010-02-17 25:00:00,   29.951067,    0.585931
2010-02-18 25:00:00,   30.807391,    0.586995
2010-02-19 25:00:00,   29.163640,    0.587468
2010-02-20 25:00:00,   28.574391,    0.587720
2010-02-21 25:00:00,   28.161719,    0.588212
2010-02-22 25:00:00,   28.600454,    0.589289
2010-02-23 25:00:00,   28.129053,    0.589851
2010-02-24 25:00:00,   28.998322,    0.591051
2010-02-25 25:00:00,   29.765961,    0.592614
2010-02-26 25:00:00,   29.589224,    0.594720
2010-02-27 25:00:00,   29.710398,    0.595838
2010-02-28 25:00:00,   29.629776,    0.597262
2010-03-01 25:00:00,   29.849434,    0.597817
2010-03-02 25:00:00,   30.040131,    0.599207
2010-03-03 25:00:00,   29.249446,    0.599924
2010-03-04 25:00:00,   28.003214,    0.599590
2010-03-05 25:00:00,   27.727428,    0.599519
2010-03-06 25:00:00,   28.077551,    0.600370
2010-03-07 25:00:00,   28.257460,    0.601287
2010-03-08 25:00:00,   28.236614,    0.602269
2010-03-09 25:00:00,   28.295192,    0.602494
2010-03-10 25:00:00,   28.189265,    0.603208
2010-03-11 25:00:00,   28.408984,    0.603097
2010-03-12 25:00:00,   28.939111,    0.604266
2010-03-13 25:00:00,   28.563224,    0.605541
2010-03-14 25:00:00,   29.377285,    0.606371
2010-03-15 25:00:00,   28.807909,    0.607561
2010-03-16 25:00:00,   27.867342,    0.607312
2010-03-17 25:00:00,   27.533713,    0.607481
2010-03-18 25:00:00,   26.961873,    0.606913
2010-03-19 25:00:00,   26.176668,    0.607045
2010-03-20 25:00:00,   26.633746,    0.606564
2010-03-21 25:00:00,   27.054600,    0.606508
2010-03-22 25:00:00,   27.252835,    0.608361
2010-03-23 25:00:00,   27.489242,    0.608557
2010-03-24 25:00:00,   27.992143,    0.609956
2010-03-25 25:00:00,   27.509063,    0.610449
2010-03-26 25:00:00,   27.474439,    0.610889
2010-03-27 25:00:00,   26.576815,    0.610912
2010-03-28 25:00:00,   26.338758,    0.611373
2010-03-29 25:00:00,   26.495386,    0.611169
2010-03-30 25:00:00,   26.386759,    0.611442
2010-03-31 25:00:00,   26.115755,    0.611840
2010-04-01 25:00:00,   26.410445,    0.612568
2010-04-02 25:00:00,   26.332603,    0.613379
2010-04-03 25:00:00,   25.537789,    0.613684
2010-04-04 25:00:00,   24.978470,    0.612968
2010-04-05 25:00:00,   25.246934,    0.613235
2010-04-06 25:00:00,   24.671129,    0.613183
2010-04-07 25:00:00,   25.149215,    0.612829
2010-04-08 25:00:00,   25.256314,    0.613389
2010-04-09 25:00:00,   24.903616,    0.614219
2010-04-10 25:00:00,   24.604158,    0.614185
2010-04-11 25:00:00,   24.969900,    0.614103
2010-04-12 25:00:00,   23.578438,    0.613474
2010-04-13 25:00:00,   23.165767,    0.613163
2010-04-14 25:00:00,   22.648283,    0.612815
2010-04-15 25:00:00,   22.977268,    0.612724
2010-04-16 25:00:00,   23.461809,    0.613110
2010-04-17 25:00:00,   23.457887,    0.613490
2010-04-18 25:00:00,   24.038703,    0.614018
2010-04-19 25:00:00,   24.103105,    0.614583
2010-04-20 25:00:00,   24.368054,    0.615012
2010-04-21 25:00:00,   24.095500,    0.615542
2010-04-22 25:00:00,   23.154244,    0.615667
2010-04-23 25:00:00,   22.815209,    0.615449
2010-04-24 25:00:00,   22.763604,    0.615312
2010-04-25 25:00:00,   22.643301,    0.615302
2010-04-26 25:00:00,   22.613013,    0.615604
2010-04-27 25:00:00,   22.610944,    0.615701
2010-04-28 25:00:00,   22.630586,    0.615811
2010-04-29 25:00:00,   22.337766,    0.616011
2010-04-30 25:00:00,   22.285825,    0.616140
2010-05-01 25:00:00,   21.948522,    0.615975
2010-05-02 25:00:00,   22.155918,    0.615970
2010-05-03 25:00:00,   21.674613,    0.615997
2010-05-04 25:00:00,   21.573438,    0.615721
2010-05-05 25:00:00,   21.574724,    0.615840
2010-05-06 25:00:00,   21.334742,    0.615961
2010-05-07 25:00:00,   21.516645,    0.615575
2010-05-08 25:00:00,   21.413465,    0.615804
2010-05-09 25:00:00,   20.908564,    0.615863
2010-05-10 25:00:00,   20.636378,    0.615726
2010-05-11 25:00:00,   20.622385,    0.615661
2010-05-12 25:00:00,   20.780432,    0.615345
2010-05-13 25:00:00,   20.009904,    0.615087
2010-05-14 25:00:00,   19.877218,    0.614954
2010-05-15 25:00:00,   19.784625,    0.614871
2010-05-16 25:00:00,   19.652092,    0.615015
2010-05-17 25:00:00,   19.590409,    0.614682
2010-05-18 25:00:00,   19.259842,    0.614582
2010-05-19 25:00:00,   19.665518,    0.614715
2010-05-20 25:00:00,   20.038153,    0.614956
2010-05-21 25:00:00,   19.390552,    0.615321
2010-05-22 25:00:00,   19.365139,    0.615405
2010-05-23 25:00:00,   18.829813,    0.614824
2010-05-24 25:00:00,   18.970276,    0.614666
2010-05-25 25:00:00,   18.720548,    0.614646
2010-05-26 25:00:00,   18.561233,    0.614425
2010-05-27 25:00:00,   18.296695,    0.614416
2010-05-28 25:00:00,   18.568495,    0.614178
2010-05-29 25:00:00,   18.338366,    0.614359
2010-05-30 25:00:00,   18.453601,    0.614250
2010-05-31 25:00:00,   18.263724,    0.614286
2010-06-01 25:00:00,   18.369763,    0.614303
2010-06-02 25:00:00,   18.242763,    0.614286
2010-06-03 25:00:00,   18.402233,    0.614428
2010-06-04 25:00:00,   17.806616,    0.614282
2010-06-05 25:00:00,   17.813986,    0.614221
2010-06-06 25:00:00,   18.168264,    0.614425
2010-06-07 25:00:00,   17.844291,    0.614444
2010-06-08 25:00:00,   17.470690,    0.614083
2010-06-09 25:00:00,   17.294767,    0.613527
2010-06-10 25:00:00,   17.363516,    0.613286
2010-06-11 25:00:00,   16.980082,    0.613336
2010-06-12 25:00:00,   17.223490,    0.613317
2010-06-13 25:00:00,   17.201823,    0.613564
2010-06-14 25:00:00,   17.243974,    0.613627
2010-06-15 25:00:00,   16.777693,    0.613482
2010-06-16 25:00:00,   17.018238,    0.613303
2010-06-17 25:00:00,   16.825459,    0.613368
2010-06-18 25:00:00,   17.178658,    0.613265
2010-06-19 25:00:00,   17.173299,    0.613494
2010-06-20 25:00:00,   17.202699,    0.613648
2010-06-21 25:00:00,   17.295276,    0.613684
2010-06-22 25:00:00,   17.029771,    0.613833
2010-06-23 25:00:00,   16.803417,    0.614023
2010-06-24 25:00:00,   16.675978,    0.613523
2010-06-25 25:00:00,   16.579597,    0.613347
2010-06-26 25:00:00,   16.431010,    0.613317
2010-06-27 25:00:00,   16.048117,    0.613076
2010-06-28 25:00:00,   16.257053,    0.613194
2010-06-29 25:00:00,   16.014667,    0.613242
2010-06-30 25:00:00,   15.915844,    0.613285
2010-07-01 25:00:00,   15.776779,    0.613354
2010-07-02 25:00:00,   15.766143,    0.613526
2010-07-03 25:00:00,   15.776966,    0.613632
2010-07-04 25:00:00,   15.612058,    0.613618
2010-07-05 25:00:00,   15.692650,    0.613663
2010-07-06 25:00:00,   15.531851,    0.613739
2010-07-07 25:00:00,   15.573882,    0.613952
2010-07-08 25:00:00,   15.095288,    0.613865
2010-07-09 25:00:00,   14.787673,    0.614056
2010-07-10 25:00:00,   14.842482,    0.614279
2010-07-11 25:00:00,   14.712947,    0.614283
2010-07-12 25:00:00,   14.491895,    0.614520
2010-07-13 25:00:00,   14.784038,    0.614619
2010-07-14 25:00:00,   15.163888,    0.614750
2010-07-15 25:00:00,   14.641094,    0.614830
2010-07-16 25:00:00,   14.463812,    0.614766
2010-07-17 25:00:00,   14.487582,    0.614891
2010-07-18 25:00:00,   14.672071,    0.614827
2010-07-19 25:00:00,   14.770548,    0.615049
2010-07-20 25:00:00,   14.861080,    0.615142
2010-07-21 25:00:00,   15.089479,    0.615226
2010-07-22 25:00:00,   15.176783,    0.615428
2010-07-23 25:00:00,   15.257826,    0.615543
2010-07-24 25:00:00,   14.914874,    0.615739
2010-07-25 25:00:00,   14.839768,    0.615725
2010-07-26 25:00:00,   15.234886,    0.615949
2010-07-27 25:00:00,   15.414694,    0.615992
2010-07-28 25:00:00,   15.564319,    0.616522
2010-07-29 25:00:00,   15.210097,    0.616521
2010-07-30 25:00:00,   15.282189,    0.616608
2010-07-31 25:00:00,   15.870162,    0.616721
2010-08-01 25:00:00,   15.975041,    0.616711
2010-08-02 25:00:00,   16.181808,    0.617192
2010-08-03 25:00:00,   16.352701,    0.617352
2010-08-04 25:00:00,   16.464080,    0.617387
2010-08-05 25:00:00,   16.473887,    0.617554
2010-08-06 25:00:00,   16.581209,    0.618085
2010-08-07 25:00:00,   16.697044,    0.618237
2010-08-08 25:00:00,   16.487280,    0.618443
2010-08-09 25:00:00,   16.446307,    0.618659
2010-08-10 25:00:00,   16.121810,    0.618990
2010-08-11 25:00:00,   15.445078,    0.619057
2010-08-12 25:00:00,   15.425953,    0.618988
2010-08-13 25:00:00,   15.592886,    0.619226
2010-08-14 25:00:00,   16.119118,    0.619516
2010-08-15 25:00:00,   16.330800,    0.619853
2010-08-16 25:00:00,   16.059263,    0.619932
2010-08-17 25:00:00,   15.895263,    0.619999
2010-08-18 25:00:00,   15.521918,    0.620110
2010-08-19 25:00:00,   15.982253,    0.620219
2010-08-20 25:00:00,   15.723422,    0.620401
2010-08-21 25:00:00,   15.979922,    0.620299
2010-08-22 25:00:00,   16.347039,    0.621074
2010-08-23 25:00:00,   16.623441,    0.620942
2010-08-24 25:00:00,   16.833957,    0.621634
2010-08-25 25:00:00,   17.053879,    0.621924
2010-08-26 25:00:00,   17.308354,    0.622176
2010-08-27 25:00:00,   17.643397,    0.622465
2010-08-28 25:00:00,   17.861736,    0.622522
2010-08-29 25:00:00,   18.386548,    0.622825
2010-08-30 25:00:00,   18.602334,    0.623354
2010-08-31 25:00:00,   17.689182,    0.623442
2010-09-01 25:00:00,   17.389491,    0.623730
2010-09-02 25:00:00,   17.317964,    0.623830
2010-09-03 25:00:00,   18.530699,    0.624015
2010-09-04 25:00:00,   19.008492,    0.624394
2010-09-05 25:00:00,   19.297718,    0.624715
2010-09-06 25:00:00,   19.442016,    0.624727
2010-09-07 25:00:00,   18.800062,    0.625556
2010-09-08 25:00:00,   18.243251,    0.626165
2010-09-09 25:00:00,   18.233068,    0.626265
2010-09-10 25:00:00,   18.825170,    0.626686
2010-09-11 25:00:00,   18.480945,    0.626968
2010-09-12 25:00:00,   18.355220,    0.627505
2010-09-13 25:00:00,   18.792225,    0.627941
2010-09-14 25:00:00,   19.120547,    0.628409
2010-09-15 25:00:00,   19.337442,    0.628715
2010-09-16 25:00:00,   19.502261,    0.629604
2010-09-17 25:00:00,   19.792867,    0.630034
2010-09-18 25:00:00,   19.033849,    0.630305
2010-09-19 25:00:00,   19.650841,    0.630632
2010-09-20 25:00:00,   20.031180,    0.630662
2010-09-21 25:00:00,   20.682967,    0.631831
2010-09-22 25:00:00,   21.304569,    0.632360
2010-09-23 25:00:00,   21.843936,    0.632419
2010-09-24 25:00:00,   22.277285,    0.632833
2010-09-25 25:00:00,   22.963406,    0.634082
2010-09-26 25:00:00,   22.890622,    0.634821
2010-09-27 25:00:00,   23.180721,    0.635579
2010-09-28 25:00:00,   23.403262,    0.636558
2010-09-29 25:00:00,   23.236800,    0.637492
2010-09-30 25:00:00,   22.997663,    0.638049
2010-10-01 25:00:00,   23.829527,    0.638936
2010-10-02 25:00:00,   23.246234,    0.639792
2010-10-03 25:00:00,   24.063047,    0.638871
2010-10-04 25:00:00,   24.220942,    0.639671
2010-10-05 25:00:00,   23.344242,    0.639960
2010-10-06 25:00:00,   23.459848,    0.640993
2010-10-07 25:00:00,   23.906819,    0.641873
2010-10-08 25:00:00,   24.588763,    0.642470
2010-10-09 25:00:00,   25.028439,    0.643549
2010-10-10 25:00:00,   23.466421,    0.644083
2010-10-11 25:00:00,   23.368368,    0.644834
2010-10-12 25:00:00,   23.504081,    0.645961
2010-10-13 25:00:00,   23.518880,    0.646922
2010-10-14 25:00:00,   23.267677,    0.645474
2010-10-15 25:00:00,   23.374362,    0.646424
2010-10-16 25:00:00,   23.737950,    0.647007
2010-10-17 25:00:00,   24.428964,    0.647671
2010-10-18 25:00:00,   25.238922,    0.648466
2010-10-19 25:00:00,   25.973642,    0.648483
2010-10-20 25:00:00,   24.370473,    0.649390
2010-10-21 25:00:00,   24.490909,    0.650565
2010-10-22 25:00:00,   24.743034,    0.651584
2010-10-23 25:00:00,   24.660107,    0.652447
2010-10-24 25:00:00,   24.616424,    0.653687
2010-10-25 25:00:00,   24.836177,    0.653058
2010-10-26 25:00:00,   25.714386,    0.654148
2010-10-27 25:00:00,   24.606716,    0.654684
2010-10-28 25:00:00,   23.810569,    0.655048
2010-10-29 25:00:00,   24.087604,    0.656226
2010-10-30 25:00:00,   24.653313,    0.657108
2010-10-31 25:00:00,   24.970797,    0.657928
2010-11-01 25:00:00,   25.387217,    0.659200
2010-11-02 25:00:00,   26.010760,    0.660413
2010-11-03 25:00:00,   26.773560,    0.660289
2010-11-04 25:00:00,   26.124493,    0.662304
2010-11-05 25:00:00,   25.816293,    0.663066
2010-11-06 25:00:00,   26.197998,    0.664023
2010-11-07 25:00:00,   25.880783,    0.664646
2010-11-08 25:00:00,   27.036186,    0.665925
2010-11-09 25:00:00,   26.319641,    0.666056
2010-11-10 25:00:00,   25.592073,    0.666104
2010-11-11 25:00:00,   25.366519,    0.665192
2010-11-12 25:00:00,   25.109501,    0.666027
2010-11-13 25:00:00,   25.250078,    0.667231
2010-11-14 25:00:00,   25.266684,    0.668176
2010-11-15 25:00:00,   25.476874,    0.668856
2010-11-16 25:00:00,   26.197061,    0.670026
2010-11-17 25:00:00,   26.950535,    0.671375
2010-11-18 25:00:00,   27.896169,    0.673210
2010-11-19 25:00:00,   27.867039,    0.674301
2010-11-20 25:00:00,   28.391227,    0.675188
2010-11-21 25:00:00,   28.374346,    0.676199
2010-11-22 25:00:00,   28.161061,    0.677753
2010-11-23 25:00:00,   27.541244,    0.678490
2010-11-24 25:00:00,   27.737165,    0.678773
2010-11-25 25:00:00,   27.672611,    0.680196
2010-11-26 25:00:00,   27.947741,    0.681512
2010-11-27 25:00:00,   28.153441,    0.681367
2010-11-28 25:00:00,   28.567466,    0.682939
2010-11-29 25:00:00,   28.800602,    0.684339
2010-11-30 25:00:00,   29.081181,    0.685667
2010-12-01 25:00:00,   27.424408,    0.685296
2010-12-02 25:00:00,   26.925979,    0.686767
2010-12-03 25:00:00,   26.541287,    0.687457
2010-12-04 25:00:00,   27.006176,    0.686864
2010-12-05 25:00:00,   26.449438,    0.687041
2010-12-06 25:00:00,   25.694840,    0.686041
2010-12-07 25:00:00,   26.226431,    0.687132
2010-12-08 25:00:00,   25.983019,    0.687942
2010-12-09 25:00:00,   26.196871,    0.689137
2010-12-10 25:00:00,   26.638296,    0.690221
2010-12-11 25:00:00,   27.083336,    0.691271
2010-12-12 25:00:00,   27.867971,    0.692666
2010-12-13 25:00:00,   27.272152,    0.693842
2010-12-14 25:00:00,   27.134171,    0.695556
2010-12-15 25:00:00,   27.457249,    0.695461
2010-12-16 25:00:00,   27.583716,    0.696234
2010-12-17 25:00:00,   27.853483,    0.697389
2010-12-18 25:00:00,   28.061821,    0.699021
2010-12-19 25:00:00,   27.512729,    0.699430
2010-12-20 25:00:00,   25.712108,    0.697421
2010-12-21 25:00:00,   25.639224,    0.697906
2010-12-22 25:00:00,   25.565010,    0.697946
2010-12-23 25:00:00,   26.077267,    0.698385
2010-12-24 25:00:00,   28.831821,    0.698207
2010-12-25 25:00:00,   29.425239,    0.700741
2010-12-26 25:00:00,   29.617327,    0.703992
2010-12-27 25:00:00,   29.585800,    0.706049
2010-12-28 25:00:00,   29.336637,    0.707468
2010-12-29 25:00:00,   29.418296,    0.707796
2010-12-30 25:00:00,   29.543969,    0.709396
2010-12-31 25:00:00,   29.131366,    0.711065
2011-01-01 25:00:00,   29.548689,    0.712037
2011-01-02 25:00:00,   29.831629,    0.711684
2011-01-03 25:00:00,   29.884456,    0.714088
2011-01-04 25:00:00,   30.979182,    0.713625
2011-01-05 25:00:00,   30.270063,    0.715427
2011-01-06 25:00:00,   30.365885,    0.716564
2011-01-07 25:00:00,   30.017645,    0.717805
2011-01-08 25:00:00,   30.194581,    0.718321
2011-01-09 25:00:00,   30.698939,    0.719448
2011-01-10 25:00:00,   30.856238,    0.721074
2011-01-11 25:00:00,   31.045719,    0.722336
2011-01-12 25:00:00,   31.052833,    0.723897
2011-01-13 25:00:00,   30.964312,    0.725554
2011-01-14 25:00:00,   30.381172,    0.725892
2011-01-15 25:00:00,   29.947242,    0.725029
2011-01-16 25:00:00,   30.321143,    0.726476
2011-01-17 25:00:00,   30.399327,    0.727850
2011-01-18 25:00:00,   30.508866,    0.729107
2011-01-19 25:00:00,   30.390489,    0.730720
2011-01-20 25:00:00,   30.113927,    0.730461
2011-01-21 25:00:00,   29.537015,    0.729945
2011-01-22 25:00:00,   29.290893,    0.730444
2011-01-23 25:00:00,   28.954269,    0.731723
2011-01-24 25:00:00,   27.630914,    0.729000
2011-01-25 25:00:00,   28.114764,    0.726758
2011-01-26 25:00:00,   28.282889,    0.727967
2011-01-27 25:00:00,   29.104394,    0.728714
2011-01-28 25:00:00,   30.226082,    0.728956
2011-01-29 25:00:00,   31.292357,    0.730211
2011-01-30 25:00:00,   31.985612,    0.733142
2011-01-31 25:00:00,   30.380617,    0.733602
2011-02-01 25:00:00,   30.117779,    0.734894
2011-02-02 25:00:00,   30.290879,    0.736828
2011-02-03 25:00:00,   30.533144,    0.738362
2011-02-04 25:00:00,   30.398929,    0.739675
2011-02-05 25:00:00,   29.474693,    0.739518
2011-02-06 25:00:00,   28.811504,    0.740273
2011-02-07 25:00:00,   29.469690,    0.741603
2011-02-08 25:00:00,   30.106345,    0.741760
2011-02-09 25:00:00,   31.136945,    0.744838
2011-02-10 25:00:00,   31.092941,    0.746154
2011-02-11 25:00:00,   30.350648,    0.747486
2011-02-12 25:00:00,   29.898899,    0.748244
2011-02-13 25:00:00,   30.194292,    0.747856
2011-02-14 25:00:00,   30.781010,    0.749054
2011-02-15 25:00:00,   30.927060,    0.751243
2011-02-16 25:00:00,   31.148362,    0.752924
2011-02-17 25:00:00,   30.813656,    0.753685
2011-02-18 25:00:00,   31.253668,    0.755155
2011-02-19 25:00:00,   30.931228,    0.756717
2011-02-20 25:00:00,   29.220543,    0.753850
2011-02-21 25:00:00,   30.081221,    0.750403
2011-02-22 25:00:00,   30.297438,    0.753785
2011-02-23 25:00:00,   30.898285,    0.754854
2011-02-24 25:00:00,   30.880257,    0.755886
2011-02-25 25:00:00,   31.830600,    0.755915
2011-02-26 25:00:00,   32.978696,    0.757384
2011-02-27 25:00:00,   33.129103,    0.759944
2011-02-28 25:00:00,   33.127998,    0.761561
2011-03-01 25:00:00,   32.008816,    0.762290
2011-03-02 25:00:00,   31.927794,    0.763852
2011-03-03 25:00:00,   31.684425,    0.765305
2011-03-04 25:00:00,   31.832336,    0.766595
2011-03-05 25:00:00,   31.207084,    0.767658
2011-03-06 25:00:00,   30.495594,    0.764636
2011-03-07 25:00:00,   30.053199,    0.766106
2011-03-08 25:00:00,   29.488385,    0.763611
2011-03-09 25:00:00,   29.372179,    0.764394
2011-03-10 25:00:00,   29.436726,    0.764957
2011-03-11 25:00:00,   29.104192,    0.765269
2011-03-12 25:00:00,   28.353196,    0.765762
2011-03-13 25:00:00,   28.190222,    0.763806
2011-03-14 25:00:00,   28.749187,    0.764087
2011-03-15 25:00:00,   28.316360,    0.765509
2011-03-16 25:00:00,   28.408447,    0.765431
2011-03-17 25:00:00,   28.801649,    0.766168
2011-03-18 25:00:00,   29.101201,    0.767214
2011-03-19 25:00:00,   28.463402,    0.768291
2011-03-20 25:00:00,   27.837452,    0.768050
2011-03-21 25:00:00,   28.013485,    0.767515
2011-03-22 25:00:00,   28.219163,    0.767237
2011-03-23 25:00:00,   28.476848,    0.769177
2011-03-24 25:00:00,   28.775686,    0.770366
2011-03-25 25:00:00,   28.965168,    0.771091
2011-03-26 25:00:00,   28.979665,    0.772158
2011-03-27 25:00:00,   29.102428,    0.772865
2011-03-28 25:00:00,   28.713784,    0.773419
2011-03-29 25:00:00,   28.422518,    0.773779
2011-03-30 25:00:00,   28.253349,    0.773319
2011-03-31 25:00:00,   28.136456,    0.773825
2011-04-01 25:00:00,   27.874906,    0.772409
2011-04-02 25:00:00,   27.566811,    0.772798
2011-04-03 25:00:00,   27.468073,    0.770235
2011-04-04 25:00:00,   27.234883,    0.770534
2011-04-05 25:00:00,   27.509038,    0.770243
2011-04-06 25:00:00,   27.239503,    0.770906
2011-04-07 25:00:00,   26.468417,    0.769892
2011-04-08 25:00:00,   26.177917,    0.767474
2011-04-09 25:00:00,   25.498391,    0.767021
2011-04-10 25:00:00,   24.987975,    0.764226
2011-04-11 25:00:00,   24.973652,    0.764837
2011-04-12 25:00:00,   24.692921,    0.764059
2011-04-13 25:00:00,   25.147764,    0.764148
2011-04-14 25:00:00,   25.146678,    0.764721
2011-04-15 25:00:00,   25.019626,    0.764992
2011-04-16 25:00:00,   24.981660,    0.765222
2011-04-17 25:00:00,   24.348809,    0.765206
2011-04-18 25:00:00,   24.087622,    0.763783
2011-04-19 25:00:00,   23.915667,    0.764050
2011-04-20 25:00:00,   23.591299,    0.764002
2011-04-21 25:00:00,   23.703201,    0.759741
2011-04-22 25:00:00,   24.024665,    0.758974
2011-04-23 25:00:00,   24.266428,    0.760098
2011-04-24 25:00:00,   24.209470,    0.760758
2011-04-25 25:00:00,   24.556668,    0.760899
2011-04-26 25:00:00,   24.339583,    0.761603
2011-04-27 25:00:00,   23.390797,    0.761552
2011-04-28 25:00:00,   22.888026,    0.759165
2011-04-29 25:00:00,   22.834462,    0.759200
2011-04-30 25:00:00,   22.799679,    0.759180
2011-05-01 25:00:00,   22.911291,    0.758997
2011-05-02 25:00:00,   22.954129,    0.759498
2011-05-03 25:00:00,   22.903857,    0.759679
2011-05-04 25:00:00,   22.946312,    0.759799
2011-05-05 25:00:00,   22.547509,    0.759713
2011-05-06 25:00:00,   22.267555,    0.758778
2011-05-07 25:00:00,   21.995708,    0.755163
2011-05-08 25:00:00,   21.881497,    0.754866
2011-05-09 25:00:00,   21.518359,    0.754500
2011-05-10 25:00:00,   21.635636,    0.754771
2011-05-11 25:00:00,   21.407066,    0.754727
2011-05-12 25:00:00,   21.190378,    0.754567
2011-05-13 25:00:00,   20.911354,    0.750162
2011-05-14 25:00:00,   20.610852,    0.749941
2011-05-15 25:00:00,   20.192112,    0.749385
2011-05-16 25:00:00,   20.125988,    0.749398
2011-05-17 25:00:00,   20.031831,    0.749075
2011-05-18 25:00:00,   20.319661,    0.749076
2011-05-19 25:00:00,   20.376113,    0.749077
2011-05-20 25:00:00,   19.592295,    0.744069
2011-05-21 25:00:00,   19.476745,    0.744183
2011-05-22 25:00:00,   19.583125,    0.743874
2011-05-23 25:00:00,   19.854799,    0.743633
2011-05-24 25:00:00,   19.338897,    0.743675
2011-05-25 25:00:00,   19.074093,    0.742729
2011-05-26 25:00:00,   19.011466,    0.741152
2011-05-27 25:00:00,   19.092015,    0.740902
2011-05-28 25:00:00,   19.239271,    0.740583
2011-05-29 25:00:00,   18.979686,    0.740733
2011-05-30 25:00:00,   18.911364,    0.741193
2011-05-31 25:00:00,   18.942487,    0.741283
2011-06-01 25:00:00,   18.728714,    0.741148
2011-06-02 25:00:00,   18.649251,    0.740215
2011-06-03 25:00:00,   18.646425,    0.740148
2011-06-04 25:00:00,   18.225174,    0.738106
2011-06-05 25:00:00,   18.133081,    0.736248
2011-06-06 25:00:00,   18.020909,    0.736068
2011-06-07 25:00:00,   17.914717,    0.733771
2011-06-08 25:00:00,   17.738936,    0.733560
2011-06-09 25:00:00,   17.527627,    0.733397
2011-06-10 25:00:00,   17.261876,    0.731235
2011-06-11 25:00:00,   17.023101,    0.728858
2011-06-12 25:00:00,   16.903577,    0.726458
2011-06-13 25:00:00,   16.525003,    0.726259
2011-06-14 25:00:00,   16.188910,    0.721483
2011-06-15 25:00:00,   16.167064,    0.721614
2011-06-16 25:00:00,   16.494604,    0.721689
2011-06-17 25:00:00,   16.069406,    0.721672
2011-06-18 25:00:00,   16.088595,    0.721493
2011-06-19 25:00:00,   16.363311,    0.721745
2011-06-20 25:00:00,   16.422450,    0.721704
2011-06-21 25:00:00,   16.586875,    0.722057
2011-06-22 25:00:00,   16.500509,    0.722251
2011-06-23 25:00:00,   16.900480,    0.722387
2011-06-24 25:00:00,   16.657664,    0.722147
2011-06-25 25:00:00,   16.739176,    0.722466
2011-06-26 25:00:00,   16.861485,    0.722621
2011-06-27 25:00:00,   16.744283,    0.722776
2011-06-28 25:00:00,   16.223147,    0.722729
2011-06-29 25:00:00,   16.282821,    0.722781
2011-06-30 25:00:00,   15.866796,    0.721559
2011-07-01 25:00:00,   15.753370,    0.718699
2011-07-02 25:00:00,   15.530974,    0.717501
2011-07-03 25:00:00,   15.400571,    0.717045
2011-07-04 25:00:00,   15.502381,    0.716366
2011-07-05 25:00:00,   15.630745,    0.716462
2011-07-06 25:00:00,   15.604609,    0.716530
2011-07-07 25:00:00,   15.212996,    0.716520
2011-07-08 25:00:00,   15.085879,    0.716544
2011-07-09 25:00:00,   15.168525,    0.716808
2011-07-10 25:00:00,   14.897902,    0.716830
2011-07-11 25:00:00,   14.681435,    0.716798
2011-07-12 25:00:00,   15.407180,    0.717193
2011-07-13 25:00:00,   15.683471,    0.717267
2011-07-14 25:00:00,   16.011872,    0.717571
2011-07-15 25:00:00,   15.172695,    0.717334
2011-07-16 25:00:00,   15.528504,    0.717588
2011-07-17 25:00:00,   15.377854,    0.717757
2011-07-18 25:00:00,   15.503411,    0.717625
2011-07-19 25:00:00,   15.756710,    0.718067
2011-07-20 25:00:00,   15.274128,    0.718077
2011-07-21 25:00:00,   15.194380,    0.718139
2011-07-22 25:00:00,   15.072537,    0.718154
2011-07-23 25:00:00,   15.165479,    0.718201
2011-07-24 25:00:00,   15.682529,    0.718367
2011-07-25 25:00:00,   15.065710,    0.718333
2011-07-26 25:00:00,   15.384781,    0.718359
2011-07-27 25:00:00,   15.406464,    0.718487
2011-07-28 25:00:00,   15.712590,    0.718777
2011-07-29 25:00:00,   15.601603,    0.719155
2011-07-30 25:00:00,   15.712099,    0.719349
2011-07-31 25:00:00,   15.831065,    0.719731
2011-08-01 25:00:00,   16.015822,    0.719961
2011-08-02 25:00:00,   15.974332,    0.720120
2011-08-03 25:00:00,   15.797530,    0.720508
2011-08-04 25:00:00,   16.183776,    0.720771
2011-08-05 25:00:00,   16.039756,    0.720984
2011-08-06 25:00:00,   15.915507,    0.721207
2011-08-07 25:00:00,   16.316550,    0.721289
2011-08-08 25:00:00,   16.086851,    0.721815
2011-08-09 25:00:00,   16.476976,    0.722199
2011-08-10 25:00:00,   16.506202,    0.722365
2011-08-11 25:00:00,   16.565138,    0.722520
2011-08-12 25:00:00,   16.772827,    0.722466
2011-08-13 25:00:00,   17.595611,    0.723107
2011-08-14 25:00:00,   16.859250,    0.723462
2011-08-15 25:00:00,   16.437907,    0.723766
2011-08-16 25:00:00,   16.159594,    0.723971
2011-08-17 25:00:00,   16.558804,    0.724312
2011-08-18 25:00:00,   16.699497,    0.724536
2011-08-19 25:00:00,   17.102320,    0.724397
2011-08-20 25:00:00,   17.802934,    0.724797
2011-08-21 25:00:00,   18.182598,    0.725183
2011-08-22 25:00:00,   18.391942,    0.725782
2011-08-23 25:00:00,   18.126935,    0.726334
2011-08-24 25:00:00,   17.942433,    0.726975
2011-08-25 25:00:00,   18.245990,    0.727397
2011-08-26 25:00:00,   18.563077,    0.727444
2011-08-27 25:00:00,   18.919851,    0.728067
2011-08-28 25:00:00,   19.079553,    0.728413
2011-08-29 25:00:00,   19.361426,    0.728447
2011-08-30 25:00:00,   20.120779,    0.728845
2011-08-31 25:00:00,   20.711311,    0.729265
2011-09-01 25:00:00,   20.652665,    0.730076
2011-09-02 25:00:00,   19.580718,    0.730304
2011-09-03 25:00:00,   19.119694,    0.731029
2011-09-04 25:00:00,   19.055416,    0.731580
2011-09-05 25:00:00,   18.850550,    0.732042
2011-09-06 25:00:00,   18.860209,    0.731628
2011-09-07 25:00:00,   18.781564,    0.732105
2011-09-08 25:00:00,   18.821965,    0.732652
2011-09-09 25:00:00,   19.342146,    0.732987
2011-09-10 25:00:00,   19.696999,    0.733519
2011-09-11 25:00:00,   20.129239,    0.733445
2011-09-12 25:00:00,   20.544168,    0.734133
2011-09-13 25:00:00,   21.128814,    0.735291
2011-09-14 25:00:00,   21.738499,    0.735229
2011-09-15 25:00:00,   22.203330,    0.736372
2011-09-16 25:00:00,   21.743637,    0.737185
2011-09-17 25:00:00,   21.301232,    0.737609
2011-09-18 25:00:00,   20.401353,    0.738615
2011-09-19 25:00:00,   20.015741,    0.738129
2011-09-20 25:00:00,   20.508357,    0.738874
2011-09-21 25:00:00,   19.640510,    0.739092
2011-09-22 25:00:00,   19.352328,    0.739294
2011-09-23 25:00:00,   20.421389,    0.739156
2011-09-24 25:00:00,   20.783105,    0.739768
2011-09-25 25:00:00,   21.351697,    0.740475
2011-09-26 25:00:00,   20.228786,    0.740767
2011-09-27 25:00:00,   19.460578,    0.741130
2011-09-28 25:00:00,   20.680306,    0.741277
2011-09-29 25:00:00,   20.906038,    0.741909
2011-09-30 25:00:00,   20.438932,    0.742476
2011-10-01 25:00:00,   21.414012,    0.742505
2011-10-02 25:00:00,   21.542255,    0.743711
2011-10-03 25:00:00,   21.617835,    0.744592
2011-10-04 25:00:00,   22.428155,    0.745529
2011-10-05 25:00:00,   22.693566,    0.745896
2011-10-06 25:00:00,   23.481820,    0.746728
2011-10-07 25:00:00,   24.061114,    0.746613
2011-10-08 25:00:00,   24.863396,    0.747955
2011-10-09 25:00:00,   24.196719,    0.748550
2011-10-10 25:00:00,   24.741269,    0.749210
2011-10-11 25:00:00,   25.529298,    0.750980
2011-10-12 25:00:00,   25.472717,    0.751759
2011-10-13 25:00:00,   24.523788,    0.753129
2011-10-14 25:00:00,   24.382702,    0.752211
2011-10-15 25:00:00,   25.102934,    0.753042
2011-10-16 25:00:00,   25.381516,    0.754176
2011-10-17 25:00:00,   25.312474,    0.754924
2011-10-18 25:00:00,   24.678745,    0.755467
2011-10-19 25:00:00,   24.763587,    0.756994
2011-10-20 25:00:00,   25.008919,    0.757913
2011-10-21 25:00:00,   25.631471,    0.758958
2011-10-22 25:00:00,   25.041181,    0.759281
2011-10-23 25:00:00,   25.080712,    0.759937
2011-10-24 25:00:00,   24.528069,    0.760492
2011-10-25 25:00:00,   24.358963,    0.759979
2011-10-26 25:00:00,   24.314506,    0.760070
2011-10-27 25:00:00,   25.231315,    0.760954
2011-10-28 25:00:00,   25.101504,    0.762090
2011-10-29 25:00:00,   25.527451,    0.762652
2011-10-30 25:00:00,   25.886579,    0.763732
2011-10-31 25:00:00,   26.207908,    0.764838
2011-11-01 25:00:00,   26.569503,    0.764613
2011-11-02 25:00:00,   27.110082,    0.766029
2011-11-03 25:00:00,   27.258106,    0.767887
2011-11-04 25:00:00,   27.268923,    0.768628
2011-11-05 25:00:00,   25.845203,    0.768011
2011-11-06 25:00:00,   26.363189,    0.769330
2011-11-07 25:00:00,   25.481841,    0.770270
2011-11-08 25:00:00,   24.397257,    0.769927
2011-11-09 25:00:00,   25.093374,    0.770996
2011-11-10 25:00:00,   26.023823,    0.771125
2011-11-11 25:00:00,   26.213339,    0.773453
2011-11-12 25:00:00,   26.886927,    0.775198
2011-11-13 25:00:00,   26.954728,    0.776309
2011-11-14 25:00:00,   26.936273,    0.777390
2011-11-15 25:00:00,   26.937892,    0.778597
2011-11-16 25:00:00,   27.342390,    0.779736
2011-11-17 25:00:00,   26.796462,    0.780701
2011-11-18 25:00:00,   26.927024,    0.780944
2011-11-19 25:00:00,   26.853829,    0.782363
2011-11-20 25:00:00,   26.921323,    0.783717
2011-11-21 25:00:00,   27.245652,    0.784956
2011-11-22 25:00:00,   28.044411,    0.786331
2011-11-23 25:00:00,   28.576556,    0.787940
2011-11-24 25:00:00,   28.423348,    0.789186
2011-11-25 25:00:00,   28.563532,    0.790340
2011-11-26 25:00:00,   27.389126,    0.791322
2011-11-27 25:00:00,   26.727572,    0.790081
2011-11-28 25:00:00,   26.638209,    0.791816
2011-11-29 25:00:00,   26.574727,    0.793044
2011-11-30 25:00:00,   26.825040,    0.792029
2011-12-01 25:00:00,   27.208593,    0.793246
2011-12-02 25:00:00,   27.752050,    0.795083
2011-12-03 25:00:00,   28.046405,    0.795258
2011-12-04 25:00:00,   28.775906,    0.797455
2011-12-05 25:00:00,   29.712023,    0.800982
2011-12-06 25:00:00,   28.244005,    0.802066
2011-12-07 25:00:00,   28.210547,    0.801723
2011-12-08 25:00:00,   27.611287,    0.802276
2011-12-09 25:00:00,   28.096601,    0.803934
2011-12-10 25:00:00,   28.858825,    0.805235
2011-12-11 25:00:00,   29.438244,    0.807062
2011-12-12 25:00:00,   27.091040,    0.802610
2011-12-13 25:00:00,   26.127518,    0.803226
2011-12-14 25:00:00,   27.265941,    0.801337
2011-12-15 25:00:00,   26.523589,    0.802322
2011-12-16 25:00:00,   27.638973,    0.803231
2011-12-17 25:00:00,   28.437623,    0.804576
2011-12-18 25:00:00,   28.799454,    0.806491
2011-12-19 25:00:00,   28.942085,    0.807928
2011-12-20 25:00:00,   29.427842,    0.810313
2011-12-21 25:00:00,   29.603817,    0.811698
2011-12-22 25:00:00,   29.587316,    0.812006
2011-12-23 25:00:00,   29.416134,    0.813948
2011-12-24 25:00:00,   29.608953,    0.815687
2011-12-25 25:00:00,   29.605605,    0.817551
2011-12-26 25:00:00,   29.813732,    0.819108
2011-12-27 25:00:00,   29.931392,    0.821320
2011-12-28 25:00:00,   30.131039,    0.822797
2011-12-29 25:00:00,   30.988677,    0.824135
2011-12-30 25:00:00,   31.145898,    0.825828
2011-12-31 25:00:00,   30.910123,    0.828157
2012-01-01 25:00:00,   30.571876,    0.828182
2012-01-02 25:00:00,   30.494809,    0.830004
2012-01-03 25:00:00,   30.070688,    0.827395
2012-01-04 25:00:00,   30.334056,    0.828902
2012-01-05 25:00:00,   30.467667,    0.830128
2012-01-06 25:00:00,   29.792005,    0.831724
2012-01-07 25:00:00,   29.236681,    0.831410
2012-01-08 25:00:00,   29.103791,    0.833211
2012-01-09 25:00:00,   29.369029,    0.834778
2012-01-10 25:00:00,   29.842645,    0.836250
2012-01-11 25:00:00,   30.177909,    0.837595
2012-01-12 25:00:00,   30.942509,    0.839249
2012-01-13 25:00:00,   31.162106,    0.839309
2012-01-14 25:00:00,   31.930476,    0.842407
2012-01-15 25:00:00,   32.243510,    0.844018
2012-01-16 25:00:00,   31.049473,    0.845714
2012-01-17 25:00:00,   30.642942,    0.844419
2012-01-18 25:00:00,   30.901888,    0.845838
2012-01-19 25:00:00,   32.095016,    0.848390
2012-01-20 25:00:00,   32.407423,    0.849342
2012-01-21 25:00:00,   33.237463,    0.851122
2012-01-22 25:00:00,   32.662480,    0.852824
2012-01-23 25:00:00,   32.203013,    0.854681
2012-01-24 25:00:00,   32.589509,    0.853427
2012-01-25 25:00:00,   32.897859,    0.854852
2012-01-26 25:00:00,   33.385887,    0.858133
2012-01-27 25:00:00,   33.938633,    0.859994
2012-01-28 25:00:00,   34.207814,    0.862462
2012-01-29 25:00:00,   32.344082,    0.863104
2012-01-30 25:00:00,   31.490366,    0.862244
2012-01-31 25:00:00,   31.654828,    0.859654
2012-02-01 25:00:00,   31.188610,    0.860979
2012-02-02 25:00:00,   30.777294,    0.861616
2012-02-03 25:00:00,   30.084537,    0.860162
2012-02-04 25:00:00,   29.362691,    0.861656
2012-02-05 25:00:00,   29.413757,    0.859125
2012-02-06 25:00:00,   29.286371,    0.859649
2012-02-07 25:00:00,   29.447528,    0.860416
2012-02-08 25:00:00,   29.608253,    0.861528
2012-02-09 25:00:00,   29.732142,    0.860718
2012-02-10 25:00:00,   30.761853,    0.862185
2012-02-11 25:00:00,   30.760950,    0.865112
2012-02-12 25:00:00,   30.180906,    0.866267
2012-02-13 25:00:00,   30.670616,    0.867754
2012-02-14 25:00:00,   30.664077,    0.868885
2012-02-15 25:00:00,   30.282666,    0.869292
2012-02-16 25:00:00,   30.161750,    0.871165
2012-02-17 25:00:00,   30.151805,    0.870749
2012-02-18 25:00:00,   30.061523,    0.871766
2012-02-19 25:00:00,   30.233473,    0.872903
2012-02-20 25:00:00,   30.300454,    0.874754
2012-02-21 25:00:00,   30.922436,    0.876089
2012-02-22 25:00:00,   31.406343,    0.877226
2012-02-23 25:00:00,   30.684275,    0.878745
2012-02-24 25:00:00,   30.128611,    0.877819
2012-02-25 25:00:00,   29.696976,    0.878888
2012-02-26 25:00:00,   29.123834,    0.879634
2012-02-27 25:00:00,   28.966187,    0.877728
2012-02-28 25:00:00,   28.629187,    0.878353
2012-02-29 25:00:00,   28.427991,    0.875672
2012-03-01 25:00:00,   28.153427,    0.876173
2012-03-02 25:00:00,   28.111303,    0.876987
2012-03-03 25:00:00,   27.962691,    0.877064
2012-03-04 25:00:00,   28.634419,    0.876571
2012-03-05 25:00:00,   29.274330,    0.877784
2012-03-06 25:00:00,   29.486156,    0.881003
2012-03-07 25:00:00,   28.953907,    0.882809
2012-03-08 25:00:00,   28.843264,    0.882542
2012-03-09 25:00:00,   29.202196,    0.882950
2012-03-10 25:00:00,   29.638977,    0.883510
2012-03-11 25:00:00,   30.020530,    0.884966
2012-03-12 25:00:00,   29.853925,    0.886140
2012-03-13 25:00:00,   29.115456,    0.887065
2012-03-14 25:00:00,   28.466894,    0.886074
2012-03-15 25:00:00,   28.032713,    0.884742
2012-03-16 25:00:00,   27.788083,    0.885532
2012-03-17 25:00:00,   27.864605,    0.886358
2012-03-18 25:00:00,   28.074023,    0.887274
2012-03-19 25:00:00,   27.483980,    0.888214
2012-03-20 25:00:00,   27.211919,    0.887835
2012-03-21 25:00:00,   27.052362,    0.885419
2012-03-22 25:00:00,   26.731361,    0.885556
2012-03-23 25:00:00,   26.652300,    0.886004
2012-03-24 25:00:00,   26.791416,    0.886175
2012-03-25 25:00:00,   26.533609,    0.886720
2012-03-26 25:00:00,   26.672243,    0.886665
2012-03-27 25:00:00,   26.686033,    0.887162
2012-03-28 25:00:00,   26.723255,    0.887086
2012-03-29 25:00:00,   26.660044,    0.887789
2012-03-30 25:00:00,   25.883536,    0.887268
2012-03-31 25:00:00,   25.714719,    0.883115
2012-04-01 25:00:00,   25.377892,    0.883557
2012-04-02 25:00:00,   24.929352,    0.882641
2012-04-03 25:00:00,   25.015583,    0.883457
2012-04-04 25:00:00,   24.735439,    0.883192
2012-04-05 25:00:00,   24.304157,    0.883060
2012-04-06 25:00:00,   23.917686,    0.877876
2012-04-07 25:00:00,   24.393448,    0.878267
2012-04-08 25:00:00,   24.877162,    0.878555
2012-04-09 25:00:00,   25.133677,    0.879088
2012-04-10 25:00:00,   25.427692,    0.879690
2012-04-11 25:00:00,   25.333630,    0.880614
2012-04-12 25:00:00,   25.074808,    0.881031
2012-04-13 25:00:00,   24.969241,    0.881607
2012-04-14 25:00:00,   25.160602,    0.882312
2012-04-15 25:00:00,   25.362834,    0.882803
2012-04-16 25:00:00,   25.454780,    0.883223
2012-04-17 25:00:00,   24.934773,    0.883431
2012-04-18 25:00:00,   24.282807,    0.883371
2012-04-19 25:00:00,   24.041513,    0.881996
2012-04-20 25:00:00,   23.757522,    0.880695
2012-04-21 25:00:00,   23.624158,    0.878546
2012-04-22 25:00:00,   23.560780,    0.878920
2012-04-23 25:00:00,   23.460556,    0.878568
2012-04-24 25:00:00,   22.938567,    0.878399
2012-04-25 25:00:00,   22.491579,    0.873176
2012-04-26 25:00:00,   23.009475,    0.873201
2012-04-27 25:00:00,   22.445482,    0.874057
2012-04-28 25:00:00,   21.921239,    0.872961
2012-04-29 25:00:00,   21.898260,    0.873221
2012-04-30 25:00:00,   22.000568,    0.873422
2012-05-01 25:00:00,   21.743860,    0.873199
2012-05-02 25:00:00,   21.735071,    0.868402
2012-05-03 25:00:00,   22.135976,    0.868696
2012-05-04 25:00:00,   21.497031,    0.868697
2012-05-05 25:00:00,   21.514670,    0.868834
2012-05-06 25:00:00,   21.174428,    0.868556
2012-05-07 25:00:00,   20.678858,    0.867345
2012-05-08 25:00:00,   20.329263,    0.862101
2012-05-09 25:00:00,   20.508806,    0.861853
2012-05-10 25:00:00,   20.655459,    0.862256
2012-05-11 25:00:00,   20.538948,    0.862363
2012-05-12 25:00:00,   20.623330,    0.861457
2012-05-13 25:00:00,   20.344173,    0.861621
2012-05-14 25:00:00,   20.703755,    0.861589
2012-05-15 25:00:00,   20.466945,    0.861795
2012-05-16 25:00:00,   20.606383,    0.861829
2012-05-17 25:00:00,   20.226655,    0.861715
2012-05-18 25:00:00,   20.413908,    0.861632
2012-05-19 25:00:00,   20.446692,    0.861580
2012-05-20 25:00:00,   20.301835,    0.861701
2012-05-21 25:00:00,   20.191198,    0.861724
2012-05-22 25:00:00,   19.954281,    0.860403
2012-05-23 25:00:00,   19.780365,    0.860262
2012-05-24 25:00:00,   19.647350,    0.858528
2012-05-25 25:00:00,   19.296893,    0.858140
2012-05-26 25:00:00,   19.057568,    0.855882
2012-05-27 25:00:00,   19.243133,    0.853273
2012-05-28 25:00:00,   19.310251,    0.853465
2012-05-29 25:00:00,   19.049263,    0.853623
2012-05-30 25:00:00,   18.998585,    0.852950
2012-05-31 25:00:00,   18.500527,    0.852319
2012-06-01 25:00:00,   18.609959,    0.850448
2012-06-02 25:00:00,   18.867412,    0.850175
2012-06-03 25:00:00,   18.253512,    0.849871
2012-06-04 25:00:00,   18.255077,    0.848202
2012-06-05 25:00:00,   18.051948,    0.848102
2012-06-06 25:00:00,   17.578371,    0.845297
2012-06-07 25:00:00,   17.434673,    0.842330
2012-06-08 25:00:00,   17.822536,    0.842191
2012-06-09 25:00:00,   18.143892,    0.842754
2012-06-10 25:00:00,   17.512029,    0.842561
2012-06-11 25:00:00,   17.214293,    0.842263
2012-06-12 25:00:00,   16.973760,    0.838802
2012-06-13 25:00:00,   16.723260,    0.837911
2012-06-14 25:00:00,   16.519405,    0.837928
2012-06-15 25:00:00,   16.764259,    0.836973
2012-06-16 25:00:00,   16.582458,    0.837097
2012-06-17 25:00:00,   16.972557,    0.837309
2012-06-18 25:00:00,   17.069013,    0.837557
2012-06-19 25:00:00,   16.933448,    0.837570
2012-06-20 25:00:00,   16.508110,    0.837436
2012-06-21 25:00:00,   16.649242,    0.837016
2012-06-22 25:00:00,   16.674114,    0.837042
2012-06-23 25:00:00,   16.257183,    0.836536
2012-06-24 25:00:00,   16.349804,    0.836176
2012-06-25 25:00:00,   15.898933,    0.835748
2012-06-26 25:00:00,   15.706057,    0.835955
2012-06-27 25:00:00,   15.705173,    0.836121
2012-06-28 25:00:00,   15.765715,    0.836429
2012-06-29 25:00:00,   16.286036,    0.836449
2012-06-30 25:00:00,   16.127111,    0.836710
2012-07-01 25:00:00,   16.141988,    0.836839
2012-07-02 25:00:00,   16.175532,    0.836894
2012-07-03 25:00:00,   15.941402,    0.837103
2012-07-04 25:00:00,   15.893390,    0.837045
2012-07-05 25:00:00,   15.681032,    0.837305
2012-07-06 25:00:00,   15.837941,    0.837113
2012-07-07 25:00:00,   16.038297,    0.837579
2012-07-08 25:00:00,   15.654445,    0.837801
2012-07-09 25:00:00,   15.627956,    0.837860
2012-07-10 25:00:00,   15.260810,    0.837674
2012-07-11 25:00:00,   15.121211,    0.837849
2012-07-12 25:00:00,   15.209059,    0.838008
2012-07-13 25:00:00,   15.092874,    0.838054
2012-07-14 25:00:00,   15.672109,    0.838285
2012-07-15 25:00:00,   15.771469,    0.838769
2012-07-16 25:00:00,   15.137093,    0.838742
2012-07-17 25:00:00,   15.267167,    0.838696
2012-07-18 25:00:00,   15.300276,    0.838658
2012-07-19 25:00:00,   15.352093,    0.838691
2012-07-20 25:00:00,   15.452747,    0.838843
2012-07-21 25:00:00,   15.555702,    0.838719
2012-07-22 25:00:00,   15.783211,    0.839100
2012-07-23 25:00:00,   15.371621,    0.839201
2012-07-24 25:00:00,   15.370566,    0.839594
2012-07-25 25:00:00,   15.148113,    0.839525
2012-07-26 25:00:00,   15.591603,    0.839656
2012-07-27 25:00:00,   15.625616,    0.839837
2012-07-28 25:00:00,   15.707606,    0.840128
2012-07-29 25:00:00,   15.636730,    0.840604
2012-07-30 25:00:00,   15.650427,    0.840840
2012-07-31 25:00:00,   15.858442,    0.841359
2012-08-01 25:00:00,   15.802774,    0.841654
2012-08-02 25:00:00,   15.616068,    0.841733
2012-08-03 25:00:00,   16.002267,    0.842057
2012-08-04 25:00:00,   16.456384,    0.842419
2012-08-05 25:00:00,   16.447233,    0.842878
2012-08-06 25:00:00,   16.318480,    0.842966
2012-08-07 25:00:00,   16.266961,    0.843611
2012-08-08 25:00:00,   16.586211,    0.843728
2012-08-09 25:00:00,   16.738433,    0.844075
2012-08-10 25:00:00,   16.962713,    0.843985
2012-08-11 25:00:00,   17.321774,    0.844320
2012-08-12 25:00:00,   16.681301,    0.844618
2012-08-13 25:00:00,   16.834976,    0.844977
2012-08-14 25:00:00,   16.700828,    0.845414
2012-08-15 25:00:00,   17.076672,    0.845255
2012-08-16 25:00:00,   17.329258,    0.845931
2012-08-17 25:00:00,   16.983017,    0.846079
2012-08-18 25:00:00,   17.577313,    0.846270
2012-08-19 25:00:00,   17.628534,    0.846294
2012-08-20 25:00:00,   18.382303,    0.846593
2012-08-21 25:00:00,   18.039273,    0.847469
2012-08-22 25:00:00,   17.435549,    0.848406
2012-08-23 25:00:00,   17.525734,    0.848316
2012-08-24 25:00:00,   17.342410,    0.848404
2012-08-25 25:00:00,   18.048665,    0.848353
2012-08-26 25:00:00,   18.403603,    0.848731
2012-08-27 25:00:00,   18.665319,    0.849601
2012-08-28 25:00:00,   18.504462,    0.850256
2012-08-29 25:00:00,   19.011567,    0.850798
2012-08-30 25:00:00,   19.463068,    0.850787
2012-08-31 25:00:00,   18.848428,    0.851797
2012-09-01 25:00:00,   19.259600,    0.851941
2012-09-02 25:00:00,   19.384115,    0.852325
2012-09-03 25:00:00,   18.452107,    0.852081
2012-09-04 25:00:00,   17.623047,    0.852579
2012-09-05 25:00:00,   17.167865,    0.852373
2012-09-06 25:00:00,   17.541060,    0.852502
2012-09-07 25:00:00,   17.998268,    0.852970
2012-09-08 25:00:00,   18.362663,    0.852984
2012-09-09 25:00:00,   19.040825,    0.853701
2012-09-10 25:00:00,   19.778439,    0.854274
2012-09-11 25:00:00,   20.229646,    0.855523
2012-09-12 25:00:00,   20.133807,    0.856804
2012-09-13 25:00:00,   20.204430,    0.856924
2012-09-14 25:00:00,   20.665379,    0.857972
2012-09-15 25:00:00,   20.825516,    0.858605
2012-09-16 25:00:00,   21.489586,    0.859868
2012-09-17 25:00:00,   21.681174,    0.860715
2012-09-18 25:00:00,   21.633232,    0.861716
2012-09-19 25:00:00,   22.051358,    0.862349
2012-09-20 25:00:00,   21.660222,    0.862653
2012-09-21 25:00:00,   20.120150,    0.861782
2012-09-22 25:00:00,   19.552767,    0.862773
2012-09-23 25:00:00,   19.988804,    0.863625
2012-09-24 25:00:00,   19.956506,    0.864052
2012-09-25 25:00:00,   19.647929,    0.864369
2012-09-26 25:00:00,   19.016229,    0.865357
2012-09-27 25:00:00,   18.473047,    0.864345
2012-09-28 25:00:00,   19.526769,    0.865016
2012-09-29 25:00:00,   20.143822,    0.865700
2012-09-30 25:00:00,   20.789258,    0.865718
2012-10-01 25:00:00,   21.465445,    0.866886
2012-10-02 25:00:00,   21.925182,    0.868936
2012-10-03 25:00:00,   21.860255,    0.870099
2012-10-04 25:00:00,   22.253556,    0.870863
2012-10-05 25:00:00,   22.377454,    0.871802
2012-10-06 25:00:00,   22.919212,    0.873345
2012-10-07 25:00:00,   23.060739,    0.874460
2012-10-08 25:00:00,   23.352044,    0.875742
2012-10-09 25:00:00,   23.780655,    0.876940
2012-10-10 25:00:00,   23.779443,    0.876673
2012-10-11 25:00:00,   23.758895,    0.878318
2012-10-12 25:00:00,   23.994489,    0.878999
2012-10-13 25:00:00,   23.206447,    0.879670
2012-10-14 25:00:00,   22.710858,    0.880893
2012-10-15 25:00:00,   22.757004,    0.881620
2012-10-16 25:00:00,   22.973356,    0.882348
2012-10-17 25:00:00,   23.906101,    0.883489
2012-10-18 25:00:00,   24.901024,    0.883357
2012-10-19 25:00:00,   24.783202,    0.885069
2012-10-20 25:00:00,   25.468457,    0.886598
2012-10-21 25:00:00,   26.081373,    0.887732
2012-10-22 25:00:00,   25.132135,    0.889121
2012-10-23 25:00:00,   24.887003,    0.889125
2012-10-24 25:00:00,   25.016313,    0.890306
2012-10-25 25:00:00,   25.209824,    0.891920
2012-10-26 25:00:00,   25.436533,    0.893195
2012-10-27 25:00:00,   26.122342,    0.894678
2012-10-28 25:00:00,   26.697376,    0.896046
2012-10-29 25:00:00,   26.472396,    0.897113
2012-10-30 25:00:00,   25.663541,    0.896841
2012-10-31 25:00:00,   24.965946,    0.898366
2012-11-01 25:00:00,   24.567576,    0.895546
2012-11-02 25:00:00,   25.179290,    0.896641
2012-11-03 25:00:00,   24.666756,    0.897257
2012-11-04 25:00:00,   23.641910,    0.897896
2012-11-05 25:00:00,   23.033430,    0.894577
2012-11-06 25:00:00,   23.790505,    0.895312
2012-11-07 25:00:00,   24.526617,    0.897068
2012-11-08 25:00:00,   25.040012,    0.898235
2012-11-09 25:00:00,   25.846486,    0.899762
2012-11-10 25:00:00,   26.017170,    0.900832
2012-11-11 25:00:00,   25.722257,    0.902476
2012-11-12 25:00:00,   25.791833,    0.903411
2012-11-13 25:00:00,   25.714781,    0.904813
2012-11-14 25:00:00,   25.983695,    0.906382
2012-11-15 25:00:00,   26.444504,    0.907757
2012-11-16 25:00:00,   27.001289,    0.909660
2012-11-17 25:00:00,   27.645094,    0.911426
2012-11-18 25:00:00,   27.068802,    0.911874
2012-11-19 25:00:00,   27.709351,    0.913794
2012-11-20 25:00:00,   27.749040,    0.915010
2012-11-21 25:00:00,   28.258798,    0.916887
2012-11-22 25:00:00,   29.218527,    0.918522
2012-11-23 25:00:00,   28.372171,    0.919833
2012-11-24 25:00:00,   27.716644,    0.920007
2012-11-25 25:00:00,   28.278605,    0.920209
2012-11-26 25:00:00,   29.104442,    0.921561
2012-11-27 25:00:00,   28.227279,    0.922389
2012-11-28 25:00:00,   25.730405,    0.918191
2012-11-29 25:00:00,   24.332782,    0.920248
2012-11-30 25:00:00,   24.091090,    0.918435
2012-12-01 25:00:00,   24.964855,    0.920155
2012-12-02 25:00:00,   25.545402,    0.921416
2012-12-03 25:00:00,   26.602171,    0.923605
2012-12-04 25:00:00,   27.362751,    0.924100
2012-12-05 25:00:00,   28.358826,    0.927309
2012-12-06 25:00:00,   27.972325,    0.929525
2012-12-07 25:00:00,   27.289133,    0.930918
2012-12-08 25:00:00,   27.705850,    0.931069
2012-12-09 25:00:00,   28.405526,    0.933457
2012-12-10 25:00:00,   29.359572,    0.935271
2012-12-11 25:00:00,   29.821693,    0.936866
2012-12-12 25:00:00,   29.165603,    0.938460
2012-12-13 25:00:00,   28.406240,    0.938251
2012-12-14 25:00:00,   28.379396,    0.940170
2012-12-15 25:00:00,   28.737697,    0.940866
2012-12-16 25:00:00,   29.259440,    0.942056
2012-12-17 25:00:00,   29.871760,    0.943914
2012-12-18 25:00:00,   28.923782,    0.945601
2012-12-19 25:00:00,   28.956819,    0.946037
2012-12-20 25:00:00,   29.585922,    0.947932
2012-12-21 25:00:00,   29.082619,    0.949776
2012-12-22 25:00:00,   29.158046,    0.950413
2012-12-23 25:00:00,   29.400649,    0.952108
2012-12-24 25:00:00,   30.024626,    0.954025
2012-12-25 25:00:00,   30.639174,    0.956564
2012-12-26 25:00:00,   30.467400,    0.957481
2012-12-27 25:00:00,   31.518406,    0.958939
2012-12-28 25:00:00,   32.160487,    0.960725
2012-12-29 25:00:00,   32.090930,    0.963157
2012-12-30 25:00:00,   32.956360,    0.964364
2012-12-31 25:00:00,   33.793741,    0.964160
2013-01-01 25:00:00,   33.036367,    0.967706
2013-01-02 25:00:00,   32.970274,    0.970001
2013-01-03 25:00:00,   31.558248,    0.968132
2013-01-04 25:00:00,   30.925420,    0.970481
2013-01-05 25:00:00,   31.401529,    0.973142
2013-01-06 25:00:00,   30.586941,    0.972510
2013-01-07 25:00:00,   30.040433,    0.972921
2013-01-08 25:00:00,   30.730366,    0.971448
2013-01-09 25:00:00,   29.937892,    0.972002
2013-01-10 25:00:00,   29.721605,    0.974144
2013-01-11 25:00:00,   29.526655,    0.972398
2013-01-12 25:00:00,   29.689176,    0.973256
2013-01-13 25:00:00,   28.723339,    0.973276
2013-01-14 25:00:00,   30.119849,    0.972190
2013-01-15 25:00:00,   31.229941,    0.974021
2013-01-16 25:00:00,   29.194668,    0.976236
2013-01-17 25:00:00,   28.208807,    0.976223
2013-01-18 25:00:00,   28.461646,    0.975417
2013-01-19 25:00:00,   28.855169,    0.976035
2013-01-20 25:00:00,   29.360781,    0.978071
2013-01-21 25:00:00,   29.089652,    0.979470
2013-01-22 25:00:00,   29.595045,    0.981540
2013-01-23 25:00:00,   29.036236,    0.982848
2013-01-24 25:00:00,   28.792552,    0.984060
2013-01-25 25:00:00,   28.998207,    0.985758
2013-01-26 25:00:00,   29.424215,    0.987690
2013-01-27 25:00:00,   29.721241,    0.989890
2013-01-28 25:00:00,   29.773023,    0.990401
2013-01-29 25:00:00,   29.694044,    0.991378
2013-01-30 25:00:00,   29.696458,    0.993040
2013-01-31 25:00:00,   29.894648,    0.994660
2013-02-01 25:00:00,   30.002570,    0.996210
2013-02-02 25:00:00,   30.795714,    0.997679
2013-02-03 25:00:00,   31.268267,    0.999610
2013-02-04 25:00:00,   31.223538,    1.001308
2013-02-05 25:00:00,   30.227611,    1.001860
2013-02-06 25:00:00,   29.577382,    1.000979
2013-02-07 25:00:00,   29.454097,    0.999373
2013-02-08 25:00:00,   29.683894,    1.000693
2013-02-09 25:00:00,   30.026739,    1.002496
2013-02-10 25:00:00,   30.245716,    1.004272
2013-02-11 25:00:00,   30.211008,    1.005971
2013-02-12 25:00:00,   30.821269,    1.007079
2013-02-13 25:00:00,   31.467649,    1.008944
2013-02-14 25:00:00,   30.450262,    1.009677
2013-02-15 25:00:00,   30.694939,    1.010850
2013-02-16 25:00:00,   30.849412,    1.012134
2013-02-17 25:00:00,   29.180741,    1.009481
2013-02-18 25:00:00,   29.290732,    1.007826
2013-02-19 25:00:00,   29.135032,    1.008921
2013-02-20 25:00:00,   29.536137,    1.008205
2013-02-21 25:00:00,   30.224958,    1.011329
2013-02-22 25:00:00,   28.761063,    1.011161
2013-02-23 25:00:00,   28.706854,    1.010457
2013-02-24 25:00:00,   28.658498,    1.011597
2013-02-25 25:00:00,   29.116593,    1.012729
2013-02-26 25:00:00,   29.503484,    1.014387
2013-02-27 25:00:00,   29.703859,    1.016157
2013-02-28 25:00:00,   29.572961,    1.017939
2013-03-01 25:00:00,   29.661615,    1.019161
2013-03-02 25:00:00,   29.960455,    1.020690
2013-03-03 25:00:00,   30.722524,    1.021381
2013-03-04 25:00:00,   29.951165,    1.022081
2013-03-05 25:00:00,   29.843195,    1.022149
2013-03-06 25:00:00,   29.484861,    1.023741
2013-03-07 25:00:00,   29.416226,    1.025422
2013-03-08 25:00:00,   29.340997,    1.021810
2013-03-09 25:00:00,   29.459181,    1.022392
2013-03-10 25:00:00,   28.433860,    1.022491
2013-03-11 25:00:00,   27.850600,    1.022282
2013-03-12 25:00:00,   27.453413,    1.020200
2013-03-13 25:00:00,   27.754023,    1.021035
2013-03-14 25:00:00,   26.501609,    1.019861
2013-03-15 25:00:00,   26.969490,    1.016870
2013-03-16 25:00:00,   27.242053,    1.017465
2013-03-17 25:00:00,   27.807226,    1.018211
2013-03-18 25:00:00,   28.130437,    1.019187
2013-03-19 25:00:00,   27.891168,    1.020104
2013-03-20 25:00:00,   26.783943,    1.020055
2013-03-21 25:00:00,   26.208656,    1.019272
2013-03-22 25:00:00,   26.151454,    1.018076
2013-03-23 25:00:00,   26.501169,    1.018490
2013-03-24 25:00:00,   26.336179,    1.019257
2013-03-25 25:00:00,   25.806704,    1.019167
2013-03-26 25:00:00,   24.973122,    1.015018
2013-03-27 25:00:00,   25.268473,    1.016037
2013-03-28 25:00:00,   25.491589,    1.016078
2013-03-29 25:00:00,   25.666223,    1.017135
2013-03-30 25:00:00,   25.749450,    1.017995
2013-03-31 25:00:00,   25.886197,    1.018578
2013-04-01 25:00:00,   26.180342,    1.019485
2013-04-02 25:00:00,   26.278177,    1.020467
2013-04-03 25:00:00,   26.585020,    1.020172
2013-04-04 25:00:00,   27.002899,    1.021205
2013-04-05 25:00:00,   27.180751,    1.023235
2013-04-06 25:00:00,   26.677376,    1.023997
2013-04-07 25:00:00,   26.859156,    1.024620
2013-04-08 25:00:00,   27.265619,    1.024488
2013-04-09 25:00:00,   27.794661,    1.025269
2013-04-10 25:00:00,   28.044953,    1.027133
2013-04-11 25:00:00,   27.362389,    1.027949
2013-04-12 25:00:00,   26.325250,    1.026713
2013-04-13 25:00:00,   26.022078,    1.025556
2013-04-14 25:00:00,   26.229927,    1.025984
2013-04-15 25:00:00,   26.187442,    1.026387
2013-04-16 25:00:00,   26.243411,    1.026597
2013-04-17 25:00:00,   26.525753,    1.026899
2013-04-18 25:00:00,   26.300151,    1.027130
2013-04-19 25:00:00,   25.730813,    1.026087
2013-04-20 25:00:00,   25.105886,    1.022658
2013-04-21 25:00:00,   24.483230,    1.019827
2013-04-22 25:00:00,   24.642481,    1.020139
2013-04-23 25:00:00,   24.780103,    1.020169
2013-04-24 25:00:00,   24.258027,    1.019569
2013-04-25 25:00:00,   23.988352,    1.019029
2013-04-26 25:00:00,   24.290894,    1.016814
2013-04-27 25:00:00,   24.030000,    1.016948
2013-04-28 25:00:00,   23.784516,    1.016181
2013-04-29 25:00:00,   23.450869,    1.015951
2013-04-30 25:00:00,   23.527310,    1.012688
2013-05-01 25:00:00,   23.172576,    1.012721
2013-05-02 25:00:00,   22.892799,    1.012453
2013-05-03 25:00:00,   22.852269,    1.012485
2013-05-04 25:00:00,   23.001512,    1.012587
2013-05-05 25:00:00,   22.992032,    1.012272
2013-05-06 25:00:00,   23.003178,    1.012578
2013-05-07 25:00:00,   22.360603,    1.011443
2013-05-08 25:00:00,   21.715636,    1.002977
2013-05-09 25:00:00,   21.051638,    0.999392
2013-05-10 25:00:00,   20.611424,    0.995710
2013-05-11 25:00:00,   20.402307,    0.995918
2013-05-12 25:00:00,   20.471763,    0.995831
2013-05-13 25:00:00,   20.175883,    0.995355
2013-05-14 25:00:00,   20.097910,    0.995343
2013-05-15 25:00:00,   20.239631,    0.992676
2013-05-16 25:00:00,   19.892757,    0.992455
2013-05-17 25:00:00,   19.778905,    0.992390
2013-05-18 25:00:00,   19.627003,    0.991911
2013-05-19 25:00:00,   19.811349,    0.992106
2013-05-20 25:00:00,   19.375507,    0.991421
2013-05-21 25:00:00,   19.668416,    0.989315
2013-05-22 25:00:00,   19.818163,    0.989521
2013-05-23 25:00:00,   19.359630,    0.989925
2013-05-24 25:00:00,   19.327368,    0.989087
2013-05-25 25:00:00,   19.321574,    0.989046
2013-05-26 25:00:00,   19.522522,    0.988899
2013-05-27 25:00:00,   19.513525,    0.989844
2013-05-28 25:00:00,   19.387439,    0.990081
2013-05-29 25:00:00,   19.062263,    0.989981
2013-05-30 25:00:00,   18.542732,    0.986637
2013-05-31 25:00:00,   18.345454,    0.983761
2013-06-01 25:00:00,   18.067115,    0.983514
2013-06-02 25:00:00,   17.907949,    0.980150
2013-06-03 25:00:00,   18.003149,    0.979234
2013-06-04 25:00:00,   17.770001,    0.978911
2013-06-05 25:00:00,   17.880710,    0.979092
2013-06-06 25:00:00,   17.842602,    0.978980
2013-06-07 25:00:00,   17.649818,    0.978975
2013-06-08 25:00:00,   17.865747,    0.978293
2013-06-09 25:00:00,   18.069498,    0.978608
2013-06-10 25:00:00,   17.865221,    0.978711
2013-06-11 25:00:00,   17.597902,    0.978242
2013-06-12 25:00:00,   17.470996,    0.977496
2013-06-13 25:00:00,   17.651523,    0.977790
2013-06-14 25:00:00,   17.148398,    0.977524
2013-06-15 25:00:00,   17.395472,    0.976576
2013-06-16 25:00:00,   17.522671,    0.976511
2013-06-17 25:00:00,   17.268618,    0.976893
2013-06-18 25:00:00,   17.144455,    0.976540
2013-06-19 25:00:00,   17.180115,    0.976213
2013-06-20 25:00:00,   17.266440,    0.975939
2013-06-21 25:00:00,   16.908353,    0.976227
2013-06-22 25:00:00,   16.719306,    0.976256
2013-06-23 25:00:00,   16.356306,    0.976247
2013-06-24 25:00:00,   16.362193,    0.976488
2013-06-25 25:00:00,   16.543176,    0.976989
2013-06-26 25:00:00,   16.512064,    0.977012
2013-06-27 25:00:00,   16.753121,    0.977138
2013-06-28 25:00:00,   16.509466,    0.977185
2013-06-29 25:00:00,   16.729462,    0.977226
2013-06-30 25:00:00,   16.683882,    0.977325
2013-07-01 25:00:00,   16.811891,    0.977215
2013-07-02 25:00:00,   16.848687,    0.977955
2013-07-03 25:00:00,   16.525321,    0.978128
2013-07-04 25:00:00,   16.333274,    0.978035
2013-07-05 25:00:00,   16.388713,    0.978002
2013-07-06 25:00:00,   16.113521,    0.978235
2013-07-07 25:00:00,   16.117442,    0.978353
2013-07-08 25:00:00,   16.226641,    0.978501
2013-07-09 25:00:00,   15.723073,    0.978442
2013-07-10 25:00:00,   15.845324,    0.978732
2013-07-11 25:00:00,   16.073302,    0.978826
2013-07-12 25:00:00,   16.346994,    0.979157
2013-07-13 25:00:00,   16.297846,    0.979355
2013-07-14 25:00:00,   16.118030,    0.979391
2013-07-15 25:00:00,   16.207307,    0.979381
2013-07-16 25:00:00,   15.830794,    0.979747
2013-07-17 25:00:00,   15.531310,    0.979798
2013-07-18 25:00:00,   15.557166,    0.979988
2013-07-19 25:00:00,   15.611256,    0.980301
2013-07-20 25:00:00,   15.567145,    0.980526
2013-07-21 25:00:00,   15.430980,    0.980547
2013-07-22 25:00:00,   15.273013,    0.980818
2013-07-23 25:00:00,   15.109507,    0.980937
2013-07-24 25:00:00,   15.651789,    0.981601
2013-07-25 25:00:00,   15.238021,    0.981350
2013-07-26 25:00:00,   14.983207,    0.981607
2013-07-27 25:00:00,   14.932451,    0.981834
2013-07-28 25:00:00,   15.204352,    0.982235
2013-07-29 25:00:00,   15.152690,    0.982312
2013-07-30 25:00:00,   15.537685,    0.982637
2013-07-31 25:00:00,   15.751228,    0.982655
2013-08-01 25:00:00,   15.923613,    0.982937
2013-08-02 25:00:00,   16.242194,    0.983113
2013-08-03 25:00:00,   16.961308,    0.983401
2013-08-04 25:00:00,   17.335303,    0.983928
2013-08-05 25:00:00,   17.897956,    0.984357
2013-08-06 25:00:00,   18.010083,    0.984593
2013-08-07 25:00:00,   18.068650,    0.984664
2013-08-08 25:00:00,   17.694898,    0.985202
2013-08-09 25:00:00,   17.845099,    0.985968
2013-08-10 25:00:00,   17.678083,    0.986368
2013-08-11 25:00:00,   17.417892,    0.987342
2013-08-12 25:00:00,   17.324372,    0.987842
2013-08-13 25:00:00,   17.046952,    0.988162
2013-08-14 25:00:00,   16.812181,    0.988555
2013-08-15 25:00:00,   16.163027,    0.988749
2013-08-16 25:00:00,   15.847619,    0.988114
2013-08-17 25:00:00,   16.600614,    0.988943
2013-08-18 25:00:00,   16.537878,    0.989078
2013-08-19 25:00:00,   16.574418,    0.989204
2013-08-20 25:00:00,   16.719743,    0.989148
2013-08-21 25:00:00,   17.432772,    0.989922
2013-08-22 25:00:00,   17.588306,    0.989893
2013-08-23 25:00:00,   18.054918,    0.990272
2013-08-24 25:00:00,   18.238913,    0.990728
2013-08-25 25:00:00,   17.994735,    0.991431
2013-08-26 25:00:00,   17.566411,    0.991478
2013-08-27 25:00:00,   17.101769,    0.991734
2013-08-28 25:00:00,   17.765528,    0.992417
2013-08-29 25:00:00,   17.725732,    0.992575
2013-08-30 25:00:00,   17.777950,    0.993099
2013-08-31 25:00:00,   18.156634,    0.993739
2013-09-01 25:00:00,   18.616896,    0.993858
2013-09-02 25:00:00,   19.200923,    0.993913
2013-09-03 25:00:00,   18.918792,    0.995314
2013-09-04 25:00:00,   19.070060,    0.996315
2013-09-05 25:00:00,   19.309989,    0.996751
2013-09-06 25:00:00,   19.737248,    0.996640
2013-09-07 25:00:00,   19.454683,    0.997887
2013-09-08 25:00:00,   19.869390,    0.997697
2013-09-09 25:00:00,   20.466559,    0.998144
2013-09-10 25:00:00,   20.162577,    0.999296
2013-09-11 25:00:00,   19.140535,    0.999488
2013-09-12 25:00:00,   19.018113,    1.000337
2013-09-13 25:00:00,   18.978898,    1.000919
2013-09-14 25:00:00,   18.080751,    0.999778
2013-09-15 25:00:00,   18.762518,    1.000811
2013-09-16 25:00:00,   17.909289,    1.001381
2013-09-17 25:00:00,   18.097335,    1.001388
2013-09-18 25:00:00,   18.019490,    1.002088
2013-09-19 25:00:00,   17.865183,    1.002759
2013-09-20 25:00:00,   18.058078,    1.002982
2013-09-21 25:00:00,   18.579331,    1.003569
2013-09-22 25:00:00,   18.379232,    1.004549
2013-09-23 25:00:00,   18.408421,    1.005007
2013-09-24 25:00:00,   18.185851,    1.005539
2013-09-25 25:00:00,   19.127797,    1.006715
2013-09-26 25:00:00,   18.647395,    1.007199
2013-09-27 25:00:00,   19.439303,    1.007161
2013-09-28 25:00:00,   20.050390,    1.009378
2013-09-29 25:00:00,   19.266583,    1.009638
2013-09-30 25:00:00,   19.882669,    1.010314
2013-10-01 25:00:00,   20.207228,    1.009982
2013-10-02 25:00:00,   21.180961,    1.010725
2013-10-03 25:00:00,   22.270979,    1.011614
2013-10-04 25:00:00,   22.641993,    1.013207
2013-10-05 25:00:00,   22.497719,    1.014652
2013-10-06 25:00:00,   22.934432,    1.015478
2013-10-07 25:00:00,   23.172685,    1.016618
2013-10-08 25:00:00,   22.986084,    1.017595
2013-10-09 25:00:00,   23.115279,    1.018517
2013-10-10 25:00:00,   23.856105,    1.019853
2013-10-11 25:00:00,   22.372740,    1.019327
2013-10-12 25:00:00,   22.338942,    1.021104
2013-10-13 25:00:00,   22.748369,    1.022596
2013-10-14 25:00:00,   23.265781,    1.023544
2013-10-15 25:00:00,   23.307854,    1.024442
2013-10-16 25:00:00,   23.168394,    1.025418
2013-10-17 25:00:00,   24.021915,    1.024440
2013-10-18 25:00:00,   24.430635,    1.026918
2013-10-19 25:00:00,   22.886195,    1.026526
2013-10-20 25:00:00,   22.523901,    1.027504
2013-10-21 25:00:00,   23.192035,    1.027577
2013-10-22 25:00:00,   23.527300,    1.028672
2013-10-23 25:00:00,   23.651790,    1.030254
2013-10-24 25:00:00,   23.671105,    1.031831
2013-10-25 25:00:00,   24.281342,    1.031322
2013-10-26 25:00:00,   25.233894,    1.033422
2013-10-27 25:00:00,   25.957494,    1.034799
2013-10-28 25:00:00,   26.342472,    1.036707
2013-10-29 25:00:00,   26.937765,    1.038532
2013-10-30 25:00:00,   27.855500,    1.038354
2013-10-31 25:00:00,   27.231927,    1.040695
2013-11-01 25:00:00,   27.229161,    1.043139
2013-11-02 25:00:00,   27.070591,    1.045494
2013-11-03 25:00:00,   27.561123,    1.043539
2013-11-04 25:00:00,   27.907455,    1.046857
2013-11-05 25:00:00,   26.839698,    1.047160
2013-11-06 25:00:00,   26.271567,    1.048521
2013-11-07 25:00:00,   26.685557,    1.050480
2013-11-08 25:00:00,   26.899486,    1.052189
2013-11-09 25:00:00,   27.587784,    1.054049
2013-11-10 25:00:00,   28.202941,    1.055577
2013-11-11 25:00:00,   28.224239,    1.057092
2013-11-12 25:00:00,   27.528508,    1.058550
2013-11-13 25:00:00,   27.093141,    1.058899
2013-11-14 25:00:00,   27.645306,    1.061029
2013-11-15 25:00:00,   27.887489,    1.062987
2013-11-16 25:00:00,   28.976766,    1.064506
2013-11-17 25:00:00,   29.596789,    1.065593
2013-11-18 25:00:00,   28.377360,    1.068059
2013-11-19 25:00:00,   27.796890,    1.068939
2013-11-20 25:00:00,   27.609179,    1.071044
2013-11-21 25:00:00,   28.116669,    1.073057
2013-11-22 25:00:00,   28.308084,    1.073639
2013-11-23 25:00:00,   29.374614,    1.076683
2013-11-24 25:00:00,   28.361294,    1.078485
2013-11-25 25:00:00,   28.333258,    1.078018
2013-11-26 25:00:00,   28.508208,    1.079598
2013-11-27 25:00:00,   28.885295,    1.081870
2013-11-28 25:00:00,   29.070845,    1.083488
2013-11-29 25:00:00,   27.421459,    1.080745
2013-11-30 25:00:00,   27.333632,    1.083129
2013-12-01 25:00:00,   28.025492,    1.084462
2013-12-02 25:00:00,   27.915410,    1.086405
2013-12-03 25:00:00,   27.195219,    1.086591
2013-12-04 25:00:00,   27.826074,    1.089063
2013-12-05 25:00:00,   28.063852,    1.090466
2013-12-06 25:00:00,   28.406383,    1.092603
2013-12-07 25:00:00,   28.148793,    1.095094
2013-12-08 25:00:00,   27.752818,    1.096759
2013-12-09 25:00:00,   28.000548,    1.097076
2013-12-10 25:00:00,   28.125416,    1.098716
2013-12-11 25:00:00,   28.805472,    1.101422
2013-12-12 25:00:00,   29.511152,    1.103287
2013-12-13 25:00:00,   30.447831,    1.105759
2013-12-14 25:00:00,   31.036578,    1.107418
2013-12-15 25:00:00,   32.096086,    1.109228
2013-12-16 25:00:00,   32.329046,    1.111430
2013-12-17 25:00:00,   31.892034,    1.112659
2013-12-18 25:00:00,   30.225631,    1.112115
2013-12-19 25:00:00,   29.385726,    1.114528
2013-12-20 25:00:00,   28.965293,    1.113579
2013-12-21 25:00:00,   29.087268,    1.115457
2013-12-22 25:00:00,   29.084217,    1.117195
2013-12-23 25:00:00,   29.809463,    1.118097
2013-12-24 25:00:00,   30.077177,    1.120517
2013-12-25 25:00:00,   30.072832,    1.121930
2013-12-26 25:00:00,   30.303370,    1.123884
2013-12-27 25:00:00,   29.803872,    1.125363
2013-12-28 25:00:00,   29.864934,    1.125337
2013-12-29 25:00:00,   29.594123,    1.127677
2013-12-30 25:00:00,   30.127657,    1.129447
2013-12-31 25:00:00,   29.585817,    1.130087
2014-01-01 25:00:00,   29.871793,    1.131901
2014-01-02 25:00:00,   29.708017,    1.132791
2014-01-03 25:00:00,   29.180256,    1.134231
2014-01-04 25:00:00,   28.706320,    1.133113
2014-01-05 23:00:00,   29.377681,    1.135013
2014-01-05 25:00:00,   29.377681,    1.135013
